{"b8e1e927293ea4d0d86d5650088e9b63_3": 0.6, "28c4b3b08241d4c6814b822aad93f9f8_12": -0.06, "28c4b3b08241d4c6814b822aad93f9f8_7": 0.10575335418003945, "28c4b3b08241d4c6814b822aad93f9f8_13": 0.15233335551068028, "28c4b3b08241d4c6814b822aad93f9f8_4": -0.06, "28c4b3b08241d4c6814b822aad93f9f8_5": -0.06, "28c4b3b08241d4c6814b822aad93f9f8_8": -0.06, "28c4b3b08241d4c6814b822aad93f9f8_2": -0.06, "7b852c789da9ce17ed95ae1836e7694e_7": 0.21796785793349227, "d41d8cd98f00b204e9800998ecf8427e_8": -0.06, "d41d8cd98f00b204e9800998ecf8427e_3": -0.06, "d41d8cd98f00b204e9800998ecf8427e_7": -0.06, "d41d8cd98f00b204e9800998ecf8427e_5": -0.06, "d41d8cd98f00b204e9800998ecf8427e_13": -0.06, "b1334bebeb922fd7283fc3a977e57544_4": 0.6, "d41d8cd98f00b204e9800998ecf8427e_14": 1.01337216, "7b852c789da9ce17ed95ae1836e7694e_3": 0.24239964057600005, "28c4b3b08241d4c6814b822aad93f9f8_6": 1.0645580401333625}